,count,unique,top,freq,mean,std,min,25%,50%,75%,max
age,5000.0,,,,64.4728,14.665233512453733,18.0,55.0,65.0,74.0,95.0
gender,5000,2,Female,2565,,,,,,,
ethnicity,5000,5,White,3694,,,,,,,
imd_quintile,5000.0,,,,2.7476,1.3766165968238684,1.0,2.0,3.0,4.0,5.0
comorbidity_score,5000.0,,,,2.4994,1.5758478033299521,0.0,1.0,2.0,3.0,10.0
discharge_destination,5000,4,Home,3503,,,,,,,
readmitted_30days,5000.0,,,,0.3108,0.4628673775951873,0.0,0.0,0.0,1.0,1.0
